City_ID,City,Lat,Lng,Max Temp,Humidity,Cloudiness,Wind Speed,Country,Date
0,Kanniyakumari,8.08,77.57,81.14,80,59,8.68,IN,2020-10-27 14:42:09
1,Srednekolymsk,67.45,153.68,11.93,88,83,6.82,RU,2020-10-27 14:42:09
2,Clyde River,70.47,-68.59,9.9,84,49,3.87,CA,2020-10-27 14:40:05
3,Rocha,-34.48,-54.33,64.99,67,76,13.85,UY,2020-10-27 14:42:10
4,Busselton,-33.65,115.33,61.0,69,54,9.33,AU,2020-10-27 14:40:15
5,Rikitea,-23.12,-134.97,74.97,85,82,17.38,PF,2020-10-27 14:42:10
6,Suba,10.84,121.01,83.59,78,97,18.21,PH,2020-10-27 14:42:10
7,Qaanaaq,77.48,-69.36,8.08,79,79,11.34,GL,2020-10-27 14:42:10
8,Vostok,46.49,135.88,28.71,95,24,3.76,RU,2020-10-27 14:42:10
9,Bredasdorp,-34.53,20.04,73.4,53,85,19.46,ZA,2020-10-27 14:42:10
10,Hay River,60.82,-115.8,24.8,92,90,12.75,CA,2020-10-27 14:42:11
11,Bauru,-22.31,-49.06,84.2,58,40,6.93,BR,2020-10-27 14:42:11
12,Srandakan,-7.94,110.25,77.27,88,100,3.74,ID,2020-10-27 14:42:11
13,Souillac,-20.52,57.52,77.0,69,40,9.17,MU,2020-10-27 14:42:11
14,Kenai,60.55,-151.26,30.2,92,1,1.63,US,2020-10-27 14:42:11
15,Mataura,-46.19,168.86,41.0,90,13,1.68,NZ,2020-10-27 14:42:11
16,Lebu,-37.62,-73.65,53.76,59,9,7.09,CL,2020-10-27 14:41:58
17,Cidreira,-30.18,-50.21,63.23,84,91,17.9,BR,2020-10-27 14:42:12
18,Biaora,23.87,76.92,74.73,35,0,0.96,IN,2020-10-27 14:42:12
19,Bluff,-46.6,168.33,41.0,90,3,7.31,NZ,2020-10-27 14:42:12
20,Yellowknife,62.46,-114.35,19.4,73,90,14.99,CA,2020-10-27 14:42:12
21,Cape Town,-33.93,18.42,71.01,72,20,14.99,ZA,2020-10-27 14:42:06
22,Kitimat,54.05,-128.65,51.01,95,100,3.0,CA,2020-10-27 14:40:22
23,Tres Passos,-27.46,-53.93,73.0,72,45,4.0,BR,2020-10-27 14:38:33
24,Ginda,30.69,78.49,64.4,82,0,5.21,IN,2020-10-27 14:42:13
25,Saint-Philippe,-21.36,55.77,77.0,69,0,4.7,RE,2020-10-27 14:41:57
26,Cabo San Lucas,22.89,-109.91,77.0,65,17,8.01,MX,2020-10-27 14:42:13
27,Plainview,40.78,-73.47,55.99,66,90,11.41,US,2020-10-27 14:39:43
28,Bururi,-3.85,29.63,64.83,92,85,2.46,BI,2020-10-27 14:42:14
29,Ostrow Wielkopolski,51.66,17.81,54.0,78,100,1.01,PL,2020-10-27 14:41:10
30,Saint-Joseph,-21.37,55.62,77.0,69,0,4.7,RE,2020-10-27 14:42:14
31,Hobart,-42.88,147.33,50.0,87,75,3.06,AU,2020-10-27 14:42:14
32,Tual,-5.67,132.75,82.96,77,86,9.48,ID,2020-10-27 14:42:14
33,Punta Arenas,-53.15,-70.92,46.4,49,40,19.46,CL,2020-10-27 14:41:11
34,Kruisfontein,-34.0,24.73,72.0,76,86,1.99,ZA,2020-10-27 14:42:14
35,Kampot,10.62,104.18,82.4,78,40,10.29,KH,2020-10-27 14:42:15
36,Hilo,19.73,-155.09,73.4,88,75,4.7,US,2020-10-27 14:42:15
37,Nalut,30.33,10.85,77.95,22,0,15.39,LY,2020-10-27 14:42:15
38,Mareeba,-17.0,145.43,78.8,78,40,3.36,AU,2020-10-27 14:42:15
39,Margate,51.38,1.39,53.01,92,100,7.0,GB,2020-10-27 14:42:15
40,Atuona,-9.8,-139.03,78.21,76,32,19.1,PF,2020-10-27 14:42:15
41,Mitu,1.2,-70.17,84.74,81,85,3.2,CO,2020-10-27 14:42:16
42,Eureka,40.8,-124.16,42.8,56,1,9.17,US,2020-10-27 14:41:18
43,Soyo,-6.13,12.37,84.2,74,75,9.17,AO,2020-10-27 14:42:16
44,Blacksburg,37.23,-80.41,60.01,100,90,2.75,US,2020-10-27 14:40:30
45,Kodiak,57.79,-152.41,44.6,56,1,5.82,US,2020-10-27 14:39:00
46,Hami,42.8,93.45,47.35,43,100,5.41,CN,2020-10-27 14:42:16
47,Constitucion,-35.33,-72.42,57.49,67,98,2.93,CL,2020-10-27 14:42:16
48,Grand Gaube,-20.01,57.66,75.99,70,12,3.0,MU,2020-10-27 14:42:17
49,Lagoa,39.05,-27.98,63.54,69,90,13.4,PT,2020-10-27 14:42:17
50,Bilibino,68.05,166.44,-0.96,90,99,0.76,RU,2020-10-27 14:42:17
51,Tagcatong,9.0,125.26,78.46,80,98,3.8,PH,2020-10-27 14:42:17
52,Carnarvon,-24.87,113.63,69.8,83,0,24.16,AU,2020-10-27 14:42:17
53,Coquimbo,-29.95,-71.34,55.4,76,90,10.29,CL,2020-10-27 14:40:12
54,Isla Vista,34.41,-119.86,57.99,61,1,3.36,US,2020-10-27 14:42:17
55,Baneasa,44.05,26.06,61.0,87,90,8.05,RO,2020-10-27 14:42:18
56,Kapaa,22.08,-159.32,78.04,69,100,4.18,US,2020-10-27 14:42:18
57,San Juan,-31.54,-68.54,84.72,14,0,5.01,AR,2020-10-27 14:40:18
58,Dingle,11.0,122.67,77.79,80,100,4.12,PH,2020-10-27 14:42:18
59,Albany,42.6,-73.97,48.0,72,69,4.54,US,2020-10-27 14:41:42
60,Ilulissat,69.22,-51.1,19.4,73,75,3.36,GL,2020-10-27 14:42:19
61,Pevek,69.7,170.31,20.03,95,100,16.84,RU,2020-10-27 14:42:19
62,Sinnamary,5.38,-52.95,86.04,67,28,8.9,GF,2020-10-27 14:42:21
63,Dunedin,-45.87,170.5,48.0,81,1,3.49,NZ,2020-10-27 14:39:53
64,Mihai Bravu,44.14,26.06,61.0,87,90,8.05,RO,2020-10-27 14:42:22
65,Barrow,71.29,-156.79,19.4,85,75,12.75,US,2020-10-27 14:42:22
66,Butaritari,3.07,172.79,80.85,69,99,8.01,KI,2020-10-27 14:42:23
67,Olafsvik,64.89,-23.71,39.83,71,100,19.39,IS,2020-10-27 14:42:24
68,Buesaco,1.39,-77.16,69.58,69,89,4.0,CO,2020-10-27 14:42:25
69,Castro,-24.79,-50.01,74.84,52,34,8.86,BR,2020-10-27 14:42:25
70,Aripuana,-9.17,-60.63,93.51,46,100,4.61,BR,2020-10-27 14:42:27
71,Tuatapere,-46.13,167.68,41.0,90,7,3.56,NZ,2020-10-27 14:42:27
72,Kovdor,67.57,30.48,37.09,98,100,4.83,RU,2020-10-27 14:42:27
73,Bowen,-20.02,148.23,73.4,88,100,4.7,AU,2020-10-27 14:42:27
74,Luganville,-15.53,167.17,76.42,78,51,8.34,VU,2020-10-27 14:42:27
75,Thompson,55.74,-97.86,15.8,92,75,2.82,CA,2020-10-27 14:42:08
76,Avarua,-21.21,-159.78,68.0,88,100,12.75,CK,2020-10-27 14:42:28
77,Broken Hill,-31.95,141.43,57.2,71,90,2.24,AU,2020-10-27 14:42:28
78,Saint-Georges,12.06,-61.75,86.0,74,20,17.22,GD,2020-10-27 14:42:28
79,Wagga Wagga,-35.12,147.37,53.6,100,92,3.36,AU,2020-10-27 14:42:28
80,Vaini,-21.2,-175.2,71.6,88,20,6.93,TO,2020-10-27 14:42:28
81,Kieta,-6.22,155.63,79.0,78,8,2.75,PG,2020-10-27 14:42:28
82,Ushuaia,-54.8,-68.3,42.8,52,40,18.34,AR,2020-10-27 14:41:52
83,Rawson,-43.3,-65.1,63.86,28,67,14.74,AR,2020-10-27 14:42:29
84,Kalabo,-14.97,22.68,98.64,13,60,9.17,ZM,2020-10-27 14:42:29
85,Urumqi,43.8,87.6,44.6,42,0,2.24,CN,2020-10-27 14:39:57
86,Luanda,-8.84,13.23,80.6,78,75,9.17,AO,2020-10-27 14:38:28
87,Panzhihua,26.59,101.71,68.32,75,10,0.89,CN,2020-10-27 14:39:05
88,Tuktoyaktuk,69.45,-133.04,10.4,92,90,5.82,CA,2020-10-27 14:42:30
89,Vardo,70.37,31.11,35.6,84,40,32.21,NO,2020-10-27 14:42:27
90,Inongo,-1.95,18.27,80.74,77,28,3.18,CD,2020-10-27 14:42:30
91,Mar Del Plata,-38.0,-57.56,66.2,42,0,9.17,AR,2020-10-27 14:41:51
92,New Norfolk,-42.78,147.06,48.0,83,97,1.59,AU,2020-10-27 14:42:32
93,Kitakata,37.65,139.87,46.0,71,1,0.45,JP,2020-10-27 14:42:32
94,Upernavik,72.79,-56.15,18.01,84,0,6.85,GL,2020-10-27 14:42:32
95,Norman Wells,65.28,-126.83,23.0,92,90,5.82,CA,2020-10-27 14:42:34
96,Lishu,43.3,124.33,36.72,67,0,7.34,CN,2020-10-27 14:42:34
97,Guerrero Negro,27.98,-114.06,62.4,31,0,8.08,MX,2020-10-27 14:42:35
98,Superior,46.72,-92.1,23.0,67,1,9.17,US,2020-10-27 14:42:36
99,Imbituba,-28.24,-48.67,80.6,61,40,12.75,BR,2020-10-27 14:42:36
100,Iqaluit,63.75,-68.51,14.0,78,75,5.82,CA,2020-10-27 14:42:36
101,Shelburne,44.08,-80.2,41.0,93,90,3.87,CA,2020-10-27 14:42:36
102,Mandalgarh,25.2,75.1,74.86,20,0,1.79,IN,2020-10-27 14:42:36
103,Talara,-4.58,-81.27,68.0,77,40,16.11,PE,2020-10-27 14:42:36
104,Coihaique,-45.58,-72.07,39.2,86,90,2.24,CL,2020-10-27 14:42:36
105,Puerto Ayora,-0.74,-90.35,69.01,89,100,5.99,EC,2020-10-27 14:42:37
106,Kerouane,9.27,-9.02,87.6,42,74,6.04,GN,2020-10-27 14:42:37
107,Moron,-34.65,-58.62,72.0,37,0,6.93,AR,2020-10-27 14:42:37
108,Bambous Virieux,-20.34,57.76,77.0,69,40,9.17,MU,2020-10-27 14:42:37
109,Barra,-11.09,-43.14,81.63,63,95,4.52,BR,2020-10-27 14:42:37
110,Airai,-8.93,125.41,62.2,100,94,1.52,TL,2020-10-27 14:42:37
111,Tessalit,20.2,1.01,94.86,10,0,10.07,ML,2020-10-27 14:42:37
112,Ust-Ordynskiy,52.8,104.75,32.0,92,0,6.71,RU,2020-10-27 14:42:38
113,Lompoc,34.64,-120.46,44.6,87,1,6.93,US,2020-10-27 14:42:38
114,Maceio,-9.67,-35.74,86.0,58,75,10.29,BR,2020-10-27 14:38:44
115,Klaksvik,62.23,-6.59,42.8,70,60,16.11,FO,2020-10-27 14:42:38
116,Novo Aripuana,-5.12,-60.38,85.62,66,100,2.95,BR,2020-10-27 14:42:38
117,Tema,5.67,-0.02,84.2,74,40,10.29,GH,2020-10-27 14:42:38
118,Mitsamiouli,-11.38,43.28,79.38,71,34,6.62,KM,2020-10-27 14:42:38
119,Young,-32.68,-57.63,65.84,39,0,4.72,UY,2020-10-27 14:42:39
120,Half Moon Bay,37.46,-122.43,64.4,39,1,3.36,US,2020-10-27 14:42:39
121,Mongua,5.75,-72.8,64.38,63,29,1.19,CO,2020-10-27 14:42:39
122,Lukovetskiy,64.3,41.92,37.4,100,90,4.47,RU,2020-10-27 14:42:39
123,Mount Isa,-20.73,139.5,73.4,15,0,11.41,AU,2020-10-27 14:42:39
124,Krasnoturinsk,59.77,60.21,19.78,96,89,1.45,RU,2020-10-27 14:42:39
125,Jimo,36.39,120.46,61.0,63,0,8.95,CN,2020-10-27 14:42:39
126,Golden,39.76,-105.22,21.99,85,20,6.93,US,2020-10-27 14:42:39
127,Karnobat,42.65,26.98,68.0,82,0,11.41,BG,2020-10-27 14:42:40
128,Yabrud,33.97,36.66,86.0,8,0,10.29,SY,2020-10-27 14:42:40
129,Santander,43.46,-3.8,69.8,49,75,10.29,ES,2020-10-27 14:42:10
130,Penzance,50.12,-5.54,55.4,93,20,18.34,GB,2020-10-27 14:42:40
131,Bad Oldesloe,53.81,10.37,54.0,79,91,3.0,DE,2020-10-27 14:42:40
132,Nea Kallikratia,40.32,23.07,69.8,64,20,5.82,GR,2020-10-27 14:42:40
133,Port Alfred,-33.59,26.89,76.19,73,50,14.67,ZA,2020-10-27 14:42:33
134,Hermanus,-34.42,19.23,69.01,73,97,8.99,ZA,2020-10-27 14:42:41
135,Jamestown,42.1,-79.24,46.0,87,90,6.93,US,2020-10-27 14:42:37
136,Saskylakh,71.92,114.08,0.88,92,98,6.55,RU,2020-10-27 14:42:41
137,Mahebourg,-20.41,57.7,77.0,69,40,9.17,MU,2020-10-27 14:42:41
138,Flin Flon,54.77,-101.86,24.8,92,90,3.36,CA,2020-10-27 14:42:41
139,Axim,4.87,-2.24,81.07,82,100,11.18,GH,2020-10-27 14:42:41
140,Tiksi,71.69,128.87,3.31,92,99,6.46,RU,2020-10-27 14:42:41
141,Ribeira Grande,38.52,-28.7,68.0,60,75,10.29,PT,2020-10-27 14:42:41
142,Esperance,-33.87,121.9,55.4,100,0,5.82,AU,2020-10-27 14:42:41
143,Saldanha,-33.01,17.94,71.6,53,100,5.82,ZA,2020-10-27 14:42:41
144,Tasiilaq,65.61,-37.64,32.0,91,75,21.92,GL,2020-10-27 14:42:42
145,Ostrovnoy,68.05,39.51,41.63,93,100,16.06,RU,2020-10-27 14:42:42
146,Arcata,40.87,-124.08,42.8,86,1,3.36,US,2020-10-27 14:41:08
147,Boddam,57.47,-1.78,48.99,81,57,10.29,GB,2020-10-27 14:42:42
148,Ponta Do Sol,32.67,-17.1,69.8,64,40,10.29,PT,2020-10-27 14:42:42
149,Nokaneng,-19.67,22.27,100.11,10,29,9.46,BW,2020-10-27 14:42:43
150,Nadym,65.53,72.52,2.48,92,0,7.14,RU,2020-10-27 14:42:43
151,Alekseyevsk,57.84,108.35,25.57,97,100,4.34,RU,2020-10-27 14:42:43
152,Naze,28.37,129.48,69.8,77,75,2.24,JP,2020-10-27 14:42:43
153,Belmonte,-15.86,-38.88,86.0,62,75,9.17,BR,2020-10-27 14:42:43
154,Lahaina,20.88,-156.68,80.6,69,1,3.36,US,2020-10-27 14:42:43
155,Port Lincoln,-34.73,135.87,55.62,86,0,8.28,AU,2020-10-27 14:42:43
156,Talcahuano,-36.72,-73.12,57.2,58,0,12.75,CL,2020-10-27 14:42:44
157,Khandyga,62.67,135.6,16.41,97,99,1.36,RU,2020-10-27 14:42:44
158,Yurgamysh,55.37,64.47,25.45,96,99,20.15,RU,2020-10-27 14:42:44
159,Tsabong,-26.02,22.4,95.81,13,52,11.92,BW,2020-10-27 14:42:44
160,Yekaterinovka,52.05,44.35,37.02,77,0,7.96,RU,2020-10-27 14:42:44
161,Chancay,-11.57,-77.27,63.0,88,75,5.82,PE,2020-10-27 14:42:44
162,Kaitangata,-46.28,169.85,48.99,79,4,1.99,NZ,2020-10-27 14:42:44
163,Iskateley,67.68,53.15,34.12,95,100,13.49,RU,2020-10-27 14:42:45
164,Mount Pleasant,32.79,-79.86,72.0,88,1,4.7,US,2020-10-27 14:40:24
165,Collie,-33.37,116.15,61.0,69,93,3.85,AU,2020-10-27 14:42:45
166,Iberia,29.95,-91.75,73.99,83,20,6.93,US,2020-10-27 14:39:54
167,Mogocha,53.73,119.77,22.66,86,100,9.48,RU,2020-10-27 14:42:45
168,Torbay,47.67,-52.73,42.8,100,90,14.99,CA,2020-10-27 14:42:45
169,Ormara,25.21,64.64,77.58,67,0,10.58,PK,2020-10-27 14:42:45
170,Talaya,61.38,152.75,11.21,93,43,2.42,RU,2020-10-27 14:42:45
171,Auki,-8.77,160.7,77.92,84,45,3.2,SB,2020-10-27 14:42:46
172,Langsa,4.47,97.97,76.69,91,76,0.74,ID,2020-10-27 14:42:46
173,Durango,24.83,-104.83,60.31,51,8,6.44,MX,2020-10-27 14:39:38
174,Zhigansk,66.77,123.37,-4.45,92,90,2.42,RU,2020-10-27 14:42:47
175,Svetlaya,46.54,138.33,42.19,77,100,4.45,RU,2020-10-27 14:42:47
176,Mackay,-21.15,149.2,77.0,83,90,9.17,AU,2020-10-27 14:42:47
177,Aklavik,68.22,-135.01,8.6,92,90,6.93,CA,2020-10-27 14:42:47
178,Moreira Sales,-24.06,-53.01,77.97,49,67,8.46,BR,2020-10-27 14:42:47
179,Chaozhou,23.67,116.64,73.4,78,0,4.47,CN,2020-10-27 14:42:48
180,Stornoway,58.21,-6.39,50.0,81,40,8.05,GB,2020-10-27 14:42:48
181,Sakaiminato,35.55,133.23,51.8,93,20,4.7,JP,2020-10-27 14:42:48
182,Usinsk,65.99,57.53,24.55,98,100,19.66,RU,2020-10-27 14:42:48
183,Quatre Cocos,-20.21,57.76,77.0,69,40,9.17,MU,2020-10-27 14:42:48
184,Chokurdakh,70.63,147.92,7.12,95,100,3.44,RU,2020-10-27 14:42:48
185,Namibe,-15.2,12.15,72.79,74,16,10.25,AO,2020-10-27 14:42:48
186,Inhambane,-23.86,35.38,82.4,74,20,12.75,MZ,2020-10-27 14:42:49
187,Geraldton,-28.77,114.6,66.2,68,0,12.75,AU,2020-10-27 14:42:49
188,Mulchen,-37.72,-72.23,53.6,81,75,8.05,CL,2020-10-27 14:42:49
189,Wewak,-3.55,143.63,79.29,81,92,3.24,PG,2020-10-27 14:42:49
190,Aksarka,66.56,67.8,2.98,92,100,4.23,RU,2020-10-27 14:42:49
191,Juneau,58.3,-134.42,46.0,87,90,9.17,US,2020-10-27 14:41:56
192,Bismil,37.85,40.67,77.0,24,0,3.36,TR,2020-10-27 14:42:50
193,Paita,-5.09,-81.11,68.0,77,40,16.11,PE,2020-10-27 14:42:50
194,Garmsar,35.22,52.34,64.35,29,0,1.52,IR,2020-10-27 14:42:50
195,Alappuzha,9.49,76.33,80.8,81,100,5.32,IN,2020-10-27 14:42:50
196,Samfya,-11.36,29.56,86.32,29,86,5.23,ZM,2020-10-27 14:42:50
197,Nisia Floresta,-6.09,-35.21,86.0,66,75,11.41,BR,2020-10-27 14:42:50
198,Belen,36.49,36.22,87.8,16,0,4.7,TR,2020-10-27 14:42:50
199,Bandarbeyla,9.49,50.81,77.31,70,0,12.35,SO,2020-10-27 14:42:50
200,Chara,56.91,118.26,2.79,83,29,0.96,RU,2020-10-27 14:42:51
201,Yei,4.09,30.68,74.93,89,98,4.09,SS,2020-10-27 14:42:51
202,Grindavik,63.84,-22.43,42.8,56,75,24.16,IS,2020-10-27 14:42:51
203,Jieshi,22.81,115.83,73.27,80,38,20.62,CN,2020-10-27 14:42:51
204,Mizan Teferi,6.98,35.58,66.87,90,50,0.56,ET,2020-10-27 14:42:51
205,Hamilton,39.18,-84.53,48.2,87,90,3.36,US,2020-10-27 14:39:24
206,Nacala,-14.54,40.67,79.63,70,48,5.68,MZ,2020-10-27 14:42:52
207,Barkhan,29.9,69.53,65.19,25,0,6.69,PK,2020-10-27 14:42:52
208,Dalvik,65.97,-18.53,37.4,64,90,2.24,IS,2020-10-27 14:42:52
209,Killybegs,54.63,-8.45,50.0,71,75,16.11,IE,2020-10-27 14:42:52
210,Murindo,6.98,-76.75,84.54,74,55,2.51,CO,2020-10-27 14:42:52
211,Sorland,67.67,12.69,48.2,61,0,9.17,NO,2020-10-27 14:42:52
212,Zhangjiakou,40.81,114.88,40.17,51,99,3.4,CN,2020-10-27 14:39:05
213,Kommunisticheskiy,61.68,64.48,16.36,96,13,4.18,RU,2020-10-27 14:42:53
214,Thanh Hoa,19.8,105.77,74.17,87,100,2.28,VN,2020-10-27 14:40:08
215,Batticaloa,7.71,81.69,80.92,77,13,2.64,LK,2020-10-27 14:42:53
216,Garh Maharaja,30.83,71.91,75.04,19,0,6.35,PK,2020-10-27 14:40:24
217,Bethel,41.37,-73.41,51.8,62,90,10.29,US,2020-10-27 14:39:07
218,Alofi,-19.06,-169.92,69.8,94,51,4.7,NU,2020-10-27 14:42:53
219,Saint George,37.1,-113.58,35.01,20,1,10.29,US,2020-10-27 14:42:53
220,Biak,-0.91,122.88,78.31,76,86,3.49,ID,2020-10-27 14:42:53
221,Shiyan,32.65,110.78,59.43,65,100,0.09,CN,2020-10-27 14:42:53
222,Port Hardy,50.7,-127.42,46.4,100,90,3.36,CA,2020-10-27 14:42:54
223,Beitbridge,-22.22,30.0,94.44,18,0,13.11,ZW,2020-10-27 14:42:54
224,Smithers,54.78,-127.17,35.6,100,90,3.36,CA,2020-10-27 14:42:40
225,Georgetown,5.41,100.34,84.2,79,20,5.82,MY,2020-10-27 14:41:58
226,Tiznit,29.58,-9.5,72.7,43,0,9.48,MA,2020-10-27 14:42:54
227,Nikolskoye,59.7,30.79,53.6,76,75,8.95,RU,2020-10-27 14:42:54
228,Te Anau,-45.42,167.72,39.54,90,19,1.63,NZ,2020-10-27 14:42:54
229,Longyearbyen,78.22,15.64,32.0,94,75,12.75,SJ,2020-10-27 14:41:28
230,Salinas,36.68,-121.66,48.2,42,1,12.75,US,2020-10-27 14:42:55
231,Lata,40.16,-8.33,62.01,87,100,1.01,PT,2020-10-27 14:42:55
232,Nelson,-41.28,173.28,46.99,94,100,1.01,NZ,2020-10-27 14:42:55
233,Amahai,-3.33,128.92,82.0,92,42,2.95,ID,2020-10-27 14:42:55
234,Malayal,7.21,121.94,79.72,75,100,6.33,PH,2020-10-27 14:42:55
235,Grand-Santi,4.25,-54.38,94.55,42,4,4.45,GF,2020-10-27 14:42:55
236,Kununurra,-15.77,128.73,82.4,74,67,6.93,AU,2020-10-27 14:42:56
237,Vao,-22.67,167.48,72.54,78,68,17.65,NC,2020-10-27 14:42:56
238,Tessaoua,13.76,7.99,92.75,12,0,2.73,NE,2020-10-27 14:42:56
239,Sitka,57.05,-135.33,44.6,87,90,5.82,US,2020-10-27 14:42:56
240,Tautira,-17.73,-149.15,78.8,78,40,10.29,PF,2020-10-27 14:42:56
241,Rosarito,32.33,-117.03,51.8,23,5,6.93,MX,2020-10-27 14:42:56
242,Roblin,51.23,-101.36,23.34,98,100,17.58,CA,2020-10-27 14:42:56
243,Port Elizabeth,-33.92,25.57,71.6,73,0,11.41,ZA,2020-10-27 14:42:56
244,Bira,49.0,132.47,38.93,90,100,1.88,RU,2020-10-27 14:42:57
245,Rock Springs,41.59,-109.2,12.2,66,1,8.05,US,2020-10-27 14:42:57
246,Sibolga,1.74,98.78,77.65,78,11,3.11,ID,2020-10-27 14:42:57
247,Haines Junction,60.75,-137.51,29.84,94,100,3.06,CA,2020-10-27 14:42:57
248,Marshall,34.38,-86.33,68.0,93,90,4.7,US,2020-10-27 14:42:57
249,Saravan,39.72,45.65,68.0,37,0,1.81,AM,2020-10-27 14:42:57
250,Bac Lieu,9.29,105.72,77.94,86,100,11.18,VN,2020-10-27 14:42:57
251,Abu Dhabi,24.47,54.37,84.2,45,0,6.93,AE,2020-10-27 14:42:38
252,Dutlwe,-23.98,23.9,92.88,13,28,7.63,BW,2020-10-27 14:42:58
253,Nexo,55.06,15.13,51.8,87,100,18.34,DK,2020-10-27 14:42:58
254,Atikokan,48.76,-91.62,19.76,85,96,12.48,CA,2020-10-27 14:42:58
255,Dikson,73.51,80.55,9.95,96,100,18.07,RU,2020-10-27 14:42:33
256,Valdivia,-39.81,-73.25,50.0,87,75,9.17,CL,2020-10-27 14:42:58
257,Vuktyl,63.86,57.31,24.31,98,100,11.14,RU,2020-10-27 14:42:58
258,Hithadhoo,-0.6,73.08,83.93,67,75,9.04,MV,2020-10-27 14:42:58
259,Zhezkazgan,47.8,67.71,31.98,90,96,20.58,KZ,2020-10-27 14:42:58
260,Walvis Bay,-22.96,14.51,60.01,84,1,3.0,NA,2020-10-27 14:42:59
261,Mahanoro,-19.9,48.8,73.71,80,1,4.41,MG,2020-10-27 14:42:59
262,Keningau,5.34,116.16,77.0,83,20,4.7,MY,2020-10-27 14:42:59
263,Derzhavinsk,51.1,66.32,30.76,96,100,23.24,KZ,2020-10-27 14:42:59
264,Westport,41.14,-73.36,54.0,66,90,11.41,US,2020-10-27 14:38:17
265,Kaeo,-35.1,173.78,62.01,93,40,3.27,NZ,2020-10-27 14:42:59
266,Leningradskiy,69.38,178.42,18.05,90,13,20.11,RU,2020-10-27 14:42:59
267,Boysun,38.21,67.2,54.1,35,100,5.64,UZ,2020-10-27 14:43:00
268,Faanui,-16.48,-151.75,79.54,82,81,17.02,PF,2020-10-27 14:43:00
269,East London,-33.02,27.91,71.6,88,75,9.17,ZA,2020-10-27 14:40:34
270,Suez,29.97,32.53,81.7,42,0,8.05,EG,2020-10-27 14:43:00
271,Padang,-0.95,100.35,78.24,75,84,3.65,ID,2020-10-27 14:43:00
272,Aykhal,66.0,111.5,-7.6,83,63,2.24,RU,2020-10-27 14:43:00
273,Acapulco,16.86,-99.89,78.8,94,90,3.36,MX,2020-10-27 14:43:00
274,Torbat-E Jam,35.24,60.62,58.51,31,0,14.54,IR,2020-10-27 14:43:01
275,Seoul,37.57,126.98,53.6,100,75,1.12,KR,2020-10-27 14:39:13
276,Pisco,-13.7,-76.22,68.0,68,0,10.29,PE,2020-10-27 14:43:01
277,Kuching,1.55,110.33,77.0,94,40,1.12,MY,2020-10-27 14:43:01
278,Bestobe,52.5,73.1,34.02,86,45,11.16,KZ,2020-10-27 14:41:09
279,Rorvik,64.86,11.24,48.2,70,0,5.82,NO,2020-10-27 14:43:01
280,Sioux Lookout,50.1,-91.92,19.4,73,90,14.99,CA,2020-10-27 14:41:35
281,Plettenberg Bay,-34.05,23.37,69.96,66,98,6.8,ZA,2020-10-27 14:43:02
282,Fort Nelson,58.81,-122.7,24.8,100,75,3.36,CA,2020-10-27 14:43:02
283,Severo-Kurilsk,50.68,156.12,42.22,84,4,6.49,RU,2020-10-27 14:43:02
284,Havoysund,71.0,24.66,35.6,74,0,3.36,NO,2020-10-27 14:43:02
285,Lorengau,-2.02,147.27,80.51,76,73,1.48,PG,2020-10-27 14:43:02
286,Vydrino,51.48,104.85,37.4,74,0,4.99,RU,2020-10-27 14:43:02
287,Ponnani,10.77,75.93,80.6,78,75,2.24,IN,2020-10-27 14:43:02
288,Merauke,-8.47,140.33,79.38,85,97,8.61,ID,2020-10-27 14:43:03
289,Scarborough,54.28,-0.4,48.99,93,100,4.0,GB,2020-10-27 14:43:03
290,San Ignacio,17.16,-89.07,82.99,83,40,4.32,BZ,2020-10-27 14:43:03
291,Nioki,-2.72,17.68,86.7,62,95,2.3,CD,2020-10-27 14:43:03
292,Kuandian,40.73,124.78,39.67,66,100,4.32,CN,2020-10-27 14:43:03
293,Perth,-31.93,115.83,68.0,72,75,9.17,AU,2020-10-27 14:40:49
294,Sokolka,53.41,23.5,57.99,82,99,8.95,PL,2020-10-27 14:43:04
295,Kutum,14.2,24.67,87.57,15,0,4.68,SD,2020-10-27 14:43:04
296,Port Moresby,-9.44,147.18,76.48,90,89,3.0,PG,2020-10-27 14:41:22
297,Atessa,42.07,14.45,61.0,69,100,7.23,IT,2020-10-27 14:43:04
298,Churapcha,62.0,132.43,7.9,95,99,4.97,RU,2020-10-27 14:43:04
299,Gat,31.61,34.76,81.0,100,0,4.0,IL,2020-10-27 14:43:04
300,Quelimane,-17.88,36.89,84.2,70,20,13.87,MZ,2020-10-27 14:43:05
301,Zorgo,12.25,-0.62,97.75,10,71,6.78,BF,2020-10-27 14:43:05
302,Rio Grande,-32.03,-52.1,57.99,98,100,7.0,BR,2020-10-27 14:38:57
303,Eenhana,-17.47,16.33,102.7,8,39,3.49,NA,2020-10-27 14:43:05
304,Jacareacanga,-6.22,-57.75,86.0,74,40,1.12,BR,2020-10-27 14:43:05
305,Laizhou,37.17,119.92,54.5,62,100,7.78,CN,2020-10-27 14:39:06
306,Muros,42.78,-9.06,61.0,91,100,21.99,ES,2020-10-27 14:43:06
307,Cairns,-16.92,145.77,78.8,78,40,3.36,AU,2020-10-27 14:39:01
308,Chuy,-33.7,-53.46,65.48,72,100,17.67,UY,2020-10-27 14:42:40
309,Port Macquarie,-31.43,152.92,61.0,92,100,7.07,AU,2020-10-27 14:42:51
310,Pangoa,-12.12,-73.0,82.9,65,65,2.77,PE,2020-10-27 14:43:06
311,Maksatikha,57.8,35.88,47.35,81,78,10.98,RU,2020-10-27 14:43:06
312,Dzilam Gonzalez,21.28,-88.93,74.84,96,100,20.07,MX,2020-10-27 14:43:06
313,Santa Marta,11.24,-74.2,86.0,65,4,8.34,CO,2020-10-27 14:43:06
314,Remontnoye,46.56,43.65,53.6,50,0,13.42,RU,2020-10-27 14:43:07
315,Pundaguitan,6.37,126.17,83.05,73,95,4.25,PH,2020-10-27 14:43:07
316,Kenora,49.82,-94.43,21.2,79,90,16.11,CA,2020-10-27 14:43:07
317,Inirida,3.87,-67.92,90.61,58,30,2.44,CO,2020-10-27 14:43:07
318,Divinopolis,-20.14,-44.88,85.26,48,14,5.66,BR,2020-10-27 14:43:07
319,Bosaso,11.28,49.18,84.2,66,20,10.29,SO,2020-10-27 14:43:07
320,Hualmay,-11.1,-77.61,68.36,69,73,8.99,PE,2020-10-27 14:42:40
321,Dawlatabad,36.41,64.91,57.9,31,88,5.99,AF,2020-10-27 14:43:07
322,Bayir,37.27,28.22,75.2,46,40,12.75,TR,2020-10-27 14:43:08
323,Nanortalik,60.14,-45.24,31.87,89,100,7.05,GL,2020-10-27 14:43:08
324,Portland,45.52,-122.68,35.01,67,1,1.36,US,2020-10-27 14:41:24
325,Rio Muerto,27.42,-110.23,59.0,24,5,9.17,MX,2020-10-27 14:43:08
326,Coos Bay,43.37,-124.22,44.01,86,1,3.36,US,2020-10-27 14:43:08
327,Makakilo City,21.35,-158.09,73.4,94,1,3.36,US,2020-10-27 14:43:08
328,Tadine,-21.55,167.88,72.63,79,85,13.47,NC,2020-10-27 14:43:08
329,Matara,5.95,80.54,78.76,85,99,7.02,LK,2020-10-27 14:43:08
330,Sabaudia,41.3,13.03,66.99,53,44,3.0,IT,2020-10-27 14:43:09
331,Comodoro Rivadavia,-45.87,-67.5,59.0,28,0,32.21,AR,2020-10-27 14:43:09
332,Nadbai,27.23,77.2,77.97,18,0,2.13,IN,2020-10-27 14:43:09
333,Khatanga,71.97,102.5,3.7,94,100,12.88,RU,2020-10-27 14:43:09
334,Nueva Germania,-23.9,-56.57,88.25,33,1,3.11,PY,2020-10-27 14:43:09
335,Viedma,-40.81,-63.0,62.83,48,100,17.27,AR,2020-10-27 14:42:39
336,Isla Mujeres,21.23,-86.73,73.4,83,90,4.7,MX,2020-10-27 14:43:09
337,Saint-Augustin,51.23,-58.65,33.75,86,100,7.0,CA,2020-10-27 14:43:10
338,Honningsvag,70.98,25.97,32.0,79,0,13.87,NO,2020-10-27 14:43:10
339,Kahului,20.89,-156.47,80.6,69,1,3.36,US,2020-10-27 14:43:10
340,Djibo,14.1,-1.63,98.06,8,0,6.38,BF,2020-10-27 14:43:10
341,Miraflores,19.22,-98.81,57.2,44,75,3.36,MX,2020-10-27 14:43:10
342,Chifeng,42.27,118.96,39.87,53,0,8.3,CN,2020-10-27 14:43:10
343,Roma,43.21,-75.46,42.01,80,90,4.7,US,2020-10-27 14:42:04
344,Mari-Turek,56.79,49.62,30.43,93,100,6.11,RU,2020-10-27 14:43:11
345,Medicine Hat,50.05,-110.67,39.2,69,90,16.11,CA,2020-10-27 14:43:11
346,Boyolangu,-8.12,111.89,76.15,89,99,4.03,ID,2020-10-27 14:43:11
347,Oriximina,-1.77,-55.87,97.77,37,51,3.38,BR,2020-10-27 14:43:11
348,Molteno,-31.4,26.36,66.15,55,76,13.35,ZA,2020-10-27 14:43:11
349,Wamba,8.93,8.6,89.53,35,44,2.84,NG,2020-10-27 14:43:11
350,Bafq,31.61,55.41,66.58,23,0,11.65,IR,2020-10-27 14:43:11
351,Bela,25.93,81.98,76.71,31,0,2.39,IN,2020-10-27 14:43:12
352,Santiago De Cao,-7.96,-79.24,62.6,88,90,6.93,PE,2020-10-27 14:43:12
353,Oranjemund,-28.55,16.43,62.46,67,52,13.85,NA,2020-10-27 14:43:12
354,Faya,18.39,42.45,73.4,11,20,13.87,SA,2020-10-27 14:43:12
355,San Carlos De Bariloche,-41.15,-71.31,42.8,70,75,25.28,AR,2020-10-27 14:43:12
356,Kawalu,-7.38,108.21,72.12,93,100,1.14,ID,2020-10-27 14:43:12
357,Wad Rawah,15.16,33.14,98.22,17,92,8.05,SD,2020-10-27 14:43:12
358,San Policarpo,12.18,125.51,81.1,78,72,2.86,PH,2020-10-27 14:43:13
359,San Quintin,30.48,-115.95,62.17,28,0,7.96,MX,2020-10-27 14:43:13
360,Pangnirtung,66.15,-65.71,15.8,56,20,5.82,CA,2020-10-27 14:43:13
361,Ingham,42.6,-84.38,37.99,93,90,4.23,US,2020-10-27 14:43:13
362,Stara Zagora,42.43,25.64,72.0,56,76,3.53,BG,2020-10-27 14:43:13
363,Saint-Pierre,-21.34,55.48,77.0,69,0,4.7,RE,2020-10-27 14:43:13
364,Manacapuru,-3.3,-60.62,86.0,74,75,5.82,BR,2020-10-27 14:43:13
365,Kizhinga,51.85,109.91,24.22,86,0,3.36,RU,2020-10-27 14:43:14
366,Koroni,36.8,21.95,72.0,49,20,7.0,GR,2020-10-27 14:43:14
367,Isangel,-19.55,169.27,74.43,81,43,14.72,VU,2020-10-27 14:43:14
368,Shenkursk,62.11,42.9,41.11,91,100,11.86,RU,2020-10-27 14:43:14
369,Toamasina,-18.17,49.38,78.8,74,20,6.93,MG,2020-10-27 14:43:14
370,Santa Teresa,10.23,-66.66,81.0,61,33,1.99,VE,2020-10-27 14:43:14
371,Marawi,8.0,124.29,75.99,91,100,5.99,PH,2020-10-27 14:43:14
372,Kefalos,36.75,26.96,73.4,60,20,8.05,GR,2020-10-27 14:43:14
373,Novyy Kostek,43.34,46.82,56.71,69,13,17.72,RU,2020-10-27 14:43:15
374,Palmer,42.16,-72.33,51.01,81,75,3.36,US,2020-10-27 14:43:15
375,Manitowoc,44.07,-87.8,30.0,74,75,5.82,US,2020-10-27 14:43:15
376,Ciudad Del Maiz,22.4,-99.6,65.68,76,85,1.48,MX,2020-10-27 14:43:16
377,Paranaiba,-19.68,-51.19,83.44,60,67,2.57,BR,2020-10-27 14:38:40
378,Thunder Bay,48.4,-89.32,24.8,49,75,12.75,CA,2020-10-27 14:43:16
379,Mingaora,34.78,72.36,60.82,32,0,3.29,PK,2020-10-27 14:43:16
380,Raudeberg,61.99,5.14,48.99,77,11,4.27,NO,2020-10-27 14:43:16
381,Madimba,-10.4,40.33,84.2,62,40,13.87,TZ,2020-10-27 14:43:17
382,Bengkulu,-3.8,102.27,76.91,84,92,3.51,ID,2020-10-27 14:43:17
383,Naqadeh,36.96,45.39,56.12,39,33,1.48,IR,2020-10-27 14:43:17
384,Aracuai,-16.85,-42.07,94.28,43,78,1.81,BR,2020-10-27 14:40:10
385,Notre-Dame-Du-Lac,47.61,-68.8,33.01,94,90,13.87,CA,2020-10-27 14:43:18
386,Vestmannaeyjar,63.44,-20.27,41.0,80,75,46.08,IS,2020-10-27 14:43:18
387,Turmalina,-17.29,-42.73,87.15,52,85,3.56,BR,2020-10-27 14:43:18
388,Saint-Jovite,46.12,-74.6,36.0,93,40,8.05,CA,2020-10-27 14:43:18
389,Cherskiy,68.75,161.3,5.0,93,42,6.33,RU,2020-10-27 14:43:18
390,Mahon,39.89,4.27,66.2,52,20,11.41,ES,2020-10-27 14:43:18
391,Mokhotlong,-29.29,29.07,71.64,30,68,15.75,LS,2020-10-27 14:43:18
392,Moree,-29.47,149.85,62.6,77,0,10.63,AU,2020-10-27 14:43:19
393,Tucuman,-26.82,-65.22,77.0,36,0,6.93,AR,2020-10-27 14:39:21
394,Adliswil,47.31,8.52,53.6,54,75,2.24,CH,2020-10-27 14:43:19
395,Ancud,-41.87,-73.82,52.0,71,75,10.29,CL,2020-10-27 14:43:19
396,Salvador,13.83,-88.92,78.8,76,20,2.24,SV,2020-10-27 14:43:19
397,Lais,6.33,125.65,81.25,74,100,4.5,PH,2020-10-27 14:43:19
398,Nam Som,17.77,102.19,73.67,90,100,3.85,TH,2020-10-27 14:43:19
399,Kuybysheve,47.36,36.65,55.54,49,75,15.77,UA,2020-10-27 14:43:19
400,Awbari,26.59,12.78,89.24,12,0,12.66,LY,2020-10-27 14:43:20
401,Mapiripan,2.89,-72.13,86.54,66,33,9.8,CO,2020-10-27 14:43:20
402,Hasaki,35.73,140.83,55.4,87,20,8.05,JP,2020-10-27 14:43:20
403,Myitkyina,25.38,97.4,74.79,77,0,1.61,MM,2020-10-27 14:43:20
404,Puerto Montt,-41.47,-72.94,50.0,81,75,11.41,CL,2020-10-27 14:43:20
405,Okhotsk,59.38,143.3,29.37,83,4,8.61,RU,2020-10-27 14:43:20
406,Mana,5.66,-53.78,86.9,64,19,8.23,GF,2020-10-27 14:43:21
407,Aswan,24.09,32.91,92.39,26,0,6.76,EG,2020-10-27 14:43:21
408,Provideniya,64.38,-173.3,29.73,95,80,3.56,RU,2020-10-27 14:43:21
409,Norrtalje,59.76,18.7,52.0,85,100,5.01,SE,2020-10-27 14:40:20
410,Monserrato,39.26,9.14,64.4,59,40,12.75,IT,2020-10-27 14:43:21
411,Ettaiyapuram,9.14,77.99,82.58,67,39,7.56,IN,2020-10-27 14:43:21
412,San-Pedro,4.75,-6.64,82.24,76,98,9.04,CI,2020-10-27 14:43:21
413,Krasnorechenskiy,44.63,135.35,36.07,84,25,0.92,RU,2020-10-27 14:43:22
414,Gobabis,-22.45,18.97,89.58,15,57,7.81,NA,2020-10-27 14:43:22
415,Arlit,18.74,7.39,90.39,11,0,3.31,NE,2020-10-27 14:43:22
416,Jiazi,22.88,116.07,72.27,82,41,19.1,CN,2020-10-27 14:43:22
417,Baykit,61.67,96.37,13.24,91,100,8.55,RU,2020-10-27 14:43:22
418,Samandag,36.08,35.98,87.8,16,0,4.7,TR,2020-10-27 14:43:22
419,Birao,10.28,22.79,92.39,31,0,4.7,CF,2020-10-27 14:43:22
420,Campbell River,50.02,-125.24,41.0,93,90,2.24,CA,2020-10-27 14:43:22
421,Soure,-0.72,-48.52,86.72,62,69,13.04,BR,2020-10-27 14:43:23
422,Aguimes,27.91,-15.45,75.2,64,40,23.04,ES,2020-10-27 14:43:23
423,Camocim,-2.9,-40.84,88.65,53,67,15.1,BR,2020-10-27 14:43:23
424,Praxedis Guerrero,31.37,-106.02,30.0,79,90,17.22,MX,2020-10-27 14:43:23
425,Lavrentiya,65.58,-171.0,30.06,98,100,6.62,RU,2020-10-27 14:43:23
426,Cap Malheureux,-19.98,57.61,75.99,70,14,3.0,MU,2020-10-27 14:43:23
427,Oistins,13.07,-59.53,87.8,70,40,19.46,BB,2020-10-27 14:43:24
428,Zyryanka,65.75,150.85,11.25,91,80,6.53,RU,2020-10-27 14:43:24
429,Arklow,52.79,-6.14,50.0,69,64,8.01,IE,2020-10-27 14:43:20
430,Antalaha,-14.9,50.28,75.2,78,2,7.78,MG,2020-10-27 14:43:24
431,Kedrovyy,56.17,91.82,46.4,61,0,11.18,RU,2020-10-27 14:43:24
432,Narsaq,60.92,-46.05,32.0,93,75,3.36,GL,2020-10-27 14:43:24
433,Graulhet,43.77,1.99,64.4,67,75,1.99,FR,2020-10-27 14:43:24
434,Kloulklubed,7.04,134.26,75.2,94,40,4.0,PW,2020-10-27 14:43:24
435,Sao Filipe,14.9,-24.5,83.07,64,95,6.62,CV,2020-10-27 14:43:24
436,Wanning,18.8,110.4,75.87,92,100,21.52,CN,2020-10-27 14:43:25
437,Jalgaon,21.02,75.57,77.47,41,0,5.08,IN,2020-10-27 14:43:25
438,Chumikan,54.72,135.31,37.63,78,100,13.0,RU,2020-10-27 14:43:25
439,Harper,4.38,-7.72,80.29,84,100,9.1,LR,2020-10-27 14:43:25
440,Imeni Babushkina,59.76,43.13,37.36,92,98,9.37,RU,2020-10-27 14:43:25
441,Ola,59.58,151.28,29.61,85,0,9.15,RU,2020-10-27 14:43:25
442,San Salvador El Seco,19.13,-97.65,60.66,62,97,1.5,MX,2020-10-27 14:43:25
443,Mezen,65.85,44.24,38.01,97,100,8.59,RU,2020-10-27 14:43:25
444,Talcher,20.95,85.22,73.69,56,0,1.39,IN,2020-10-27 14:43:26
445,San Cristobal,7.77,-72.22,80.6,69,40,3.36,VE,2020-10-27 14:39:54
446,Cagliari,39.24,9.09,64.4,59,40,12.75,IT,2020-10-27 14:43:26
447,Karratha,-20.74,116.85,70.66,86,30,8.68,AU,2020-10-27 14:43:26
448,Yangjiang,21.85,111.97,72.84,84,97,8.08,CN,2020-10-27 14:43:26
449,Senno,59.53,33.92,47.61,80,65,9.86,RU,2020-10-27 14:43:26
450,La Rioja,42.25,-2.5,63.0,55,20,16.11,ES,2020-10-27 14:43:26
451,Lubango,-14.92,13.49,79.56,40,41,7.52,AO,2020-10-27 14:42:16
452,Changji,44.02,87.32,44.6,42,0,2.24,CN,2020-10-27 14:42:35
453,Birjand,32.87,59.22,64.4,8,0,6.93,IR,2020-10-27 14:43:27
454,Kavaratti,10.57,72.64,82.33,72,10,4.72,IN,2020-10-27 14:43:27
455,Adre,13.47,22.2,92.59,16,0,4.05,TD,2020-10-27 14:43:27
456,Shingu,33.73,135.98,55.22,75,1,5.46,JP,2020-10-27 14:43:27
457,Belaya Gora,68.53,146.42,11.93,90,100,2.06,RU,2020-10-27 14:43:20
458,Meulaboh,4.14,96.13,78.19,84,97,3.91,ID,2020-10-27 14:43:19
459,Mogadishu,2.04,45.34,80.6,69,20,6.93,SO,2020-10-27 14:38:45
460,Mehamn,71.04,27.85,32.0,87,0,13.87,NO,2020-10-27 14:43:27
461,Yar-Sale,66.83,70.83,4.51,94,0,5.64,RU,2020-10-27 14:43:28
462,Sulangan,11.14,123.72,84.51,73,85,2.68,PH,2020-10-27 14:43:28
463,Riyadh,24.69,46.72,86.0,25,0,3.89,SA,2020-10-27 14:40:32
464,Kidal,18.44,1.41,96.53,9,0,16.08,ML,2020-10-27 14:43:28
465,Dakar,14.69,-17.44,93.2,52,0,6.93,SN,2020-10-27 14:39:59
466,Victoria,22.29,114.16,77.0,76,79,21.3,HK,2020-10-27 14:40:39
467,Ulladulla,-35.35,150.47,57.0,100,90,9.17,AU,2020-10-27 14:43:28
468,College,64.86,-147.8,24.8,100,90,4.7,US,2020-10-27 14:43:28
469,Araouane,18.9,-3.53,98.28,9,12,11.45,ML,2020-10-27 14:43:29
470,Xining,36.62,101.77,33.21,90,85,2.06,CN,2020-10-27 14:43:29
471,Miri,4.41,114.01,77.0,88,40,3.36,MY,2020-10-27 14:43:29
472,Salalah,17.02,54.09,82.4,58,0,4.7,OM,2020-10-27 14:43:29
473,Natal,-5.79,-35.21,86.0,66,75,11.41,BR,2020-10-27 14:43:29
474,Conde,-7.26,-34.91,87.8,58,75,13.87,BR,2020-10-27 14:43:29
475,Arraial Do Cabo,-22.97,-42.03,82.4,69,40,12.75,BR,2020-10-27 14:43:29
476,Saint-Louis,16.33,-15.0,103.86,7,0,17.4,SN,2020-10-27 14:43:29
477,Noumea,-22.28,166.46,71.6,73,0,3.36,NC,2020-10-27 14:39:03
478,Vasto,42.12,14.71,61.0,69,100,9.17,IT,2020-10-27 14:43:30
479,Codrington,-38.27,141.97,47.19,92,17,7.09,AU,2020-10-27 14:42:37
480,Nyurba,63.28,118.33,13.55,89,100,2.91,RU,2020-10-27 14:43:30
481,Angoche,-16.23,39.91,80.1,74,0,11.03,MZ,2020-10-27 14:43:30
482,Atasu,48.68,71.64,31.01,88,100,26.28,KZ,2020-10-27 14:41:09
483,Kavieng,-2.57,150.8,82.22,70,36,4.54,PG,2020-10-27 14:43:30
484,Qaqortoq,60.72,-46.03,32.0,91,75,3.36,GL,2020-10-27 14:43:30
485,Vieste,41.88,16.18,59.0,93,20,5.82,IT,2020-10-27 14:43:31
486,La Libertad,-2.23,-80.9,73.4,83,75,11.41,EC,2020-10-27 14:43:31
487,Yulara,-25.24,130.99,71.6,20,0,6.93,AU,2020-10-27 14:43:31
488,Roald,62.58,6.13,48.2,70,0,3.36,NO,2020-10-27 14:43:31
489,Fort Frances,48.6,-93.4,19.0,72,1,9.17,CA,2020-10-27 14:42:54
490,Fairbanks,64.84,-147.72,25.0,100,90,4.7,US,2020-10-27 14:43:31
491,Umm Kaddadah,13.6,26.69,94.55,15,0,9.86,SD,2020-10-27 14:43:31
492,Gamba,-2.65,10.0,80.15,78,17,9.91,GA,2020-10-27 14:43:31
493,Komsomolskiy,40.43,71.72,55.4,57,100,3.24,UZ,2020-10-27 14:43:31
494,Sakakah,29.97,40.21,91.4,7,0,8.05,SA,2020-10-27 14:43:32
495,Algiers,36.75,3.04,69.8,40,40,13.87,DZ,2020-10-27 14:43:32
496,Pangai,-19.8,-174.35,74.66,79,1,17.94,TO,2020-10-27 14:43:32
497,Mount Gambier,-37.83,140.77,50.0,93,0,6.93,AU,2020-10-27 14:43:32
498,Port Hedland,-20.32,118.57,75.2,83,40,6.93,AU,2020-10-27 14:43:32
499,Pachino,36.72,15.09,69.01,64,48,3.0,IT,2020-10-27 14:43:32
500,Okakarara,-20.58,17.43,95.14,11,99,7.65,NA,2020-10-27 14:43:33
501,Northam,51.03,-4.22,55.99,80,99,13.0,GB,2020-10-27 14:43:33
502,Kumluca,36.37,30.29,75.99,49,0,4.34,TR,2020-10-27 14:43:33
503,Maragogi,-9.01,-35.22,82.67,66,92,16.06,BR,2020-10-27 14:43:33
504,Urucui,-7.23,-44.56,92.59,46,88,6.89,BR,2020-10-27 14:43:33
505,Taltal,-25.4,-70.48,63.63,60,38,5.84,CL,2020-10-27 14:40:20
506,Ca Mau,9.18,105.15,77.47,89,100,4.97,VN,2020-10-27 14:43:33
507,Pangody,65.85,74.49,0.12,91,0,8.46,RU,2020-10-27 14:43:34
508,Beruwala,6.48,79.98,80.02,85,100,4.07,LK,2020-10-27 14:43:34
509,Jacmel,18.23,-72.53,87.8,58,20,6.93,HT,2020-10-27 14:43:34
510,Begun,24.98,75.0,73.58,20,0,1.68,IN,2020-10-27 14:43:34
511,Creel,27.75,-107.63,42.13,69,19,20.87,MX,2020-10-27 14:43:34
512,Winnemucca,40.97,-117.74,15.8,33,1,2.01,US,2020-10-27 14:40:22
513,Sabha,27.04,14.43,85.87,15,0,11.86,LY,2020-10-27 14:43:35
514,Sao Joao Da Barra,-21.64,-41.05,82.4,61,40,4.7,BR,2020-10-27 14:43:35
515,Peniche,39.36,-9.38,66.99,71,75,14.0,PT,2020-10-27 14:43:35
516,Santiago,-33.46,-70.65,64.0,54,75,4.7,CL,2020-10-27 14:39:28
517,Aqtobe,50.28,57.21,33.8,69,75,15.66,KZ,2020-10-27 14:43:35
518,Flinders,-34.58,150.86,57.0,87,49,1.01,AU,2020-10-27 14:43:35
519,Saint-Francois,46.42,3.91,55.99,66,75,6.93,FR,2020-10-27 14:43:36
520,Porto Novo,6.5,2.6,86.0,79,40,12.75,BJ,2020-10-27 14:43:36
521,Borgarnes,64.54,-21.92,42.8,45,90,23.04,IS,2020-10-27 14:43:36
522,Harrisonburg,38.45,-78.87,59.0,100,90,2.93,US,2020-10-27 14:40:30
523,Nuevo Progreso,23.17,-97.95,75.0,96,57,1.99,MX,2020-10-27 14:43:36
524,Witbank,-25.87,29.23,78.67,32,63,10.07,ZA,2020-10-27 14:43:36
525,Pingliang,35.54,106.69,40.51,81,100,4.29,CN,2020-10-27 14:43:36
526,Terre Haute,39.47,-87.41,44.6,93,90,5.82,US,2020-10-27 14:40:00
527,Luba,3.46,8.55,81.18,78,37,9.31,GQ,2020-10-27 14:43:37
528,Hoquiam,46.98,-123.89,45.0,100,90,4.7,US,2020-10-27 14:43:37
529,Vieux-Habitants,16.06,-61.77,84.2,79,20,6.93,GP,2020-10-27 14:43:37
530,Tezu,27.92,96.17,73.31,66,0,3.27,IN,2020-10-27 14:43:37
531,Sisimiut,66.94,-53.67,20.82,88,0,9.53,GL,2020-10-27 14:43:37
532,Burgeo,47.62,-57.62,45.57,92,100,3.96,CA,2020-10-27 14:43:38
533,Groa,62.65,8.72,50.0,53,0,3.36,NO,2020-10-27 14:43:38
534,Kano,12.0,8.52,91.4,26,1,8.05,NG,2020-10-27 14:43:38
535,Kananga,-5.9,22.42,81.46,73,96,3.44,CD,2020-10-27 14:43:38
536,Athens,37.98,23.72,73.4,53,40,8.05,GR,2020-10-27 14:40:45
537,Tsuruga,35.65,136.06,53.01,29,2,1.92,JP,2020-10-27 14:43:38
538,Cao Bang,22.67,106.25,71.49,86,59,1.74,VN,2020-10-27 14:43:38
539,Igarka,67.47,86.58,-3.28,88,0,6.85,RU,2020-10-27 14:43:39
540,Hudson Bay,52.85,-102.38,28.54,98,100,9.19,CA,2020-10-27 14:43:39
541,Katsuura,35.13,140.3,62.6,72,20,6.93,JP,2020-10-27 14:43:39
542,Sobolevo,54.43,31.9,47.95,82,8,10.71,RU,2020-10-27 14:43:39
543,Atambua,-9.11,124.89,76.75,80,87,1.68,ID,2020-10-27 14:43:39
544,Senj,44.99,14.91,60.01,87,75,5.82,HR,2020-10-27 14:41:41
545,Kikwit,-5.04,18.82,82.98,72,89,4.59,CD,2020-10-27 14:43:39
546,Harrisburg,40.27,-76.88,55.4,62,75,5.82,US,2020-10-27 14:43:40
547,Noyabrsk,63.2,75.45,8.55,95,80,16.04,RU,2020-10-27 14:41:48
548,Ndele,8.41,20.65,87.33,52,12,3.67,CF,2020-10-27 14:43:40
549,Buchanan,5.88,-10.05,86.0,79,75,9.17,LR,2020-10-27 14:43:40
550,Smederevo,44.66,20.93,69.8,49,0,9.17,RS,2020-10-27 14:38:41
551,Sanford,28.8,-81.27,84.0,74,1,13.87,US,2020-10-27 14:43:40
552,Kirakira,-10.45,161.92,79.27,82,97,7.83,SB,2020-10-27 14:43:13
553,Buzovna,40.52,50.11,60.8,77,0,6.93,AZ,2020-10-27 14:43:40
554,Qianguo,45.12,124.86,35.4,72,0,9.35,CN,2020-10-27 14:43:41
555,Asau,46.43,26.4,53.01,98,0,2.8,RO,2020-10-27 14:43:41
556,Aban,56.67,96.06,36.03,92,99,5.46,RU,2020-10-27 14:43:41
557,Prince Rupert,54.32,-130.32,48.2,100,90,3.36,CA,2020-10-27 14:43:41
558,Port-Gentil,-0.72,8.78,86.0,74,40,14.99,GA,2020-10-27 14:43:41
559,Opuwo,-18.06,13.84,94.37,16,86,10.2,NA,2020-10-27 14:43:41
560,Vila Franca Do Campo,37.72,-25.43,68.0,72,40,16.11,PT,2020-10-27 14:43:41
561,Lazaro Cardenas,17.96,-102.2,80.74,85,100,3.11,MX,2020-10-27 14:43:41
562,Wadi Maliz,36.47,8.55,68.0,37,40,9.17,TN,2020-10-27 14:43:42
563,Chipinge,-20.19,32.62,77.74,34,0,10.56,ZW,2020-10-27 14:43:42
564,Metro,-5.11,105.31,75.87,84,99,5.84,ID,2020-10-27 14:43:42
565,Nome,64.5,-165.41,32.0,97,90,3.36,US,2020-10-27 14:40:21
566,Waterloo,43.47,-80.52,45.0,86,75,3.36,CA,2020-10-27 14:42:55
567,Ornskoldsvik,63.29,18.72,46.4,100,68,5.82,SE,2020-10-27 14:43:42
568,Lucapa,-8.42,20.74,85.05,59,93,0.85,AO,2020-10-27 14:43:42
569,Caucaia,-3.74,-38.65,86.0,62,40,12.75,BR,2020-10-27 14:43:42
570,Solwezi,-12.17,26.39,85.01,28,99,7.78,ZM,2020-10-27 14:43:43
571,Karasburg,-28.02,18.75,95.07,9,89,20.45,NA,2020-10-27 14:43:43
572,Cuenca,-2.88,-78.98,60.8,77,75,4.7,EC,2020-10-27 14:39:24
573,Astoria,46.19,-123.83,48.0,87,90,5.01,US,2020-10-27 14:43:43
574,Luderitz,-26.65,15.16,63.97,62,95,17.34,NA,2020-10-27 14:43:43
575,Chengam,12.3,78.8,74.86,80,18,4.16,IN,2020-10-27 14:43:43
576,Big Spring,32.25,-101.48,27.0,92,90,13.87,US,2020-10-27 14:43:30
577,Napanee,44.25,-76.95,37.0,80,90,6.93,CA,2020-10-27 14:41:17
578,Griffith,41.53,-87.42,36.0,100,90,4.7,US,2020-10-27 14:39:51
579,Marks,51.71,46.75,39.99,57,0,1.99,RU,2020-10-27 14:43:44
580,Aklera,24.42,76.57,76.44,27,0,4.97,IN,2020-10-27 14:43:44
581,Labuhan,-6.88,112.21,80.49,79,100,6.33,ID,2020-10-27 14:43:44
582,Huarmey,-10.07,-78.15,67.84,70,86,8.43,PE,2020-10-27 14:43:44
583,Drayton Valley,53.22,-114.99,46.99,60,31,8.99,CA,2020-10-27 14:43:45
584,Pascagoula,30.37,-88.56,75.2,83,90,5.82,US,2020-10-27 14:40:50
585,Presidencia Roque Saenz Pena,-26.79,-60.44,82.0,36,0,1.01,AR,2020-10-27 14:43:45
586,Egvekinot,66.32,-179.17,17.42,94,73,9.98,RU,2020-10-27 14:43:45
587,Necochea,-38.55,-58.74,68.25,54,0,9.19,AR,2020-10-27 14:42:44
588,Turangi,-39.0,175.93,54.0,89,100,1.99,NZ,2020-10-27 14:43:45
589,Kysyl-Syr,63.9,122.76,1.8,92,1,2.42,RU,2020-10-27 14:43:45
590,Awjilah,29.11,21.29,86.0,24,99,6.76,LY,2020-10-27 14:43:46
591,Adrar,20.5,-10.07,96.44,10,0,9.4,MR,2020-10-27 14:43:13
592,Najran,17.49,44.13,80.6,15,0,11.41,SA,2020-10-27 14:42:07
593,Cayenne,4.93,-52.33,89.6,55,75,5.82,GF,2020-10-27 14:43:35
594,Polis,35.04,32.43,78.8,69,40,5.82,CY,2020-10-27 14:43:46
595,Taoudenni,22.68,-3.98,99.97,9,89,7.47,ML,2020-10-27 14:43:46
596,Tsuruoka,38.72,139.82,50.45,75,9,5.41,JP,2020-10-27 14:43:46
597,Lumberton,34.62,-79.01,72.0,82,1,1.79,US,2020-10-27 14:43:47
598,Punta Cardon,11.66,-70.22,84.7,69,21,10.74,VE,2020-10-27 14:43:47
599,Armeria,18.93,-103.97,77.0,83,40,2.91,MX,2020-10-27 14:43:47
600,Sur,22.57,59.53,72.99,56,0,1.92,OM,2020-10-27 14:43:47
601,Sechura,-5.56,-80.82,69.57,71,100,8.86,PE,2020-10-27 14:43:47
602,Chapais,49.78,-74.85,19.4,79,1,6.93,CA,2020-10-27 14:43:47
603,Izumo,35.37,132.77,51.8,93,20,4.7,JP,2020-10-27 14:43:47
604,Maningrida,-12.07,134.27,79.52,75,49,0.96,AU,2020-10-27 14:43:48
605,Dalkola,25.85,87.85,74.37,43,0,5.1,IN,2020-10-27 14:43:48
606,Cedar City,37.68,-113.06,15.8,47,1,3.36,US,2020-10-27 14:42:30
607,Orlik,52.52,99.83,21.6,87,48,3.29,RU,2020-10-27 14:43:48
608,Nouadhibou,20.93,-17.03,95.0,21,89,14.99,MR,2020-10-27 14:43:48
609,Aitape,-3.14,142.35,78.4,82,100,3.13,PG,2020-10-27 14:43:48
610,Saint Anthony,45.02,-93.22,21.99,78,1,6.93,US,2020-10-27 14:43:49
611,Abilene,32.45,-99.73,30.2,100,90,13.87,US,2020-10-27 14:39:21
612,Rio Gallegos,-51.62,-69.22,48.2,42,40,14.99,AR,2020-10-27 14:43:49
613,Traverse City,44.76,-85.62,35.6,87,90,4.7,US,2020-10-27 14:42:22
614,Kesan,40.86,26.63,71.6,49,20,6.93,TR,2020-10-27 14:43:49
615,Makaryev,57.88,43.81,34.79,88,93,8.79,RU,2020-10-27 14:43:49
616,Gaoua,10.3,-3.25,94.17,22,99,6.82,BF,2020-10-27 14:43:49
617,Narayangarh,30.48,77.13,73.4,43,5,2.24,IN,2020-10-27 14:43:49
618,Cravo Norte,6.3,-70.2,86.67,62,0,11.21,CO,2020-10-27 14:43:49
619,Wagar,16.15,36.2,94.12,17,0,3.6,SD,2020-10-27 14:43:50
620,Virden,39.5,-89.77,36.0,93,97,7.18,US,2020-10-27 14:43:50
621,Lethem,3.38,-59.8,90.12,53,72,11.99,GY,2020-10-27 14:43:50
622,Moldovenesti,46.5,23.65,54.0,100,90,2.24,RO,2020-10-27 14:43:50
623,Kirsanov,52.65,42.72,40.35,71,0,7.81,RU,2020-10-27 14:43:50
624,Chimore,-16.98,-65.13,88.41,49,46,4.5,BO,2020-10-27 14:43:39
625,Whitehorse,60.72,-135.05,26.6,73,20,4.7,CA,2020-10-27 14:40:51
626,Zabaykalsk,49.63,117.32,24.24,84,0,12.41,RU,2020-10-27 14:43:50
627,Diffa,13.32,12.61,93.96,11,92,12.86,NE,2020-10-27 14:43:50
628,Phangnga,8.45,98.53,84.99,83,20,5.82,TH,2020-10-27 14:43:51
629,Sinjar,36.32,41.88,65.25,26,0,1.9,IQ,2020-10-27 14:43:51
630,Lingyuan,41.24,119.4,40.64,53,67,3.67,CN,2020-10-27 14:43:51
631,Ahipara,-35.17,173.17,57.94,92,69,2.37,NZ,2020-10-27 14:43:51
632,Takoradi,4.88,-1.76,81.36,81,96,11.27,GH,2020-10-27 14:43:51
633,Ayan,56.45,138.17,34.5,83,54,7.65,RU,2020-10-27 14:43:51
634,Hofn,64.25,-15.21,38.7,74,100,18.14,IS,2020-10-27 14:43:51
635,Tabuk,17.42,121.44,74.52,87,99,3.11,PH,2020-10-27 14:43:52
636,Lalmohan,22.34,90.74,80.53,74,0,6.33,BD,2020-10-27 14:43:52
637,Liangxiang,39.73,116.14,54.0,37,100,2.57,CN,2020-10-27 14:43:52
638,Kurilsk,45.23,147.88,45.63,74,67,8.08,RU,2020-10-27 14:43:52
639,Khani,41.96,42.96,75.2,44,0,4.7,GE,2020-10-27 14:43:52
640,Kampene,-3.6,26.67,77.18,89,98,1.68,CD,2020-10-27 14:43:52
641,Qandala,11.47,49.87,78.08,52,22,2.73,SO,2020-10-27 14:43:52
642,Vizinga,61.07,50.1,33.03,93,96,7.9,RU,2020-10-27 14:43:53
643,Beringovskiy,63.05,179.32,28.78,92,73,10.07,RU,2020-10-27 14:43:53
644,Yanam,16.73,82.22,84.2,79,20,6.93,IN,2020-10-27 14:43:53
645,Tres Arroyos,-38.37,-60.28,71.17,45,0,11.9,AR,2020-10-27 14:43:53
646,Tailai,46.38,123.4,34.12,74,0,11.27,CN,2020-10-27 14:43:53
647,Telimele,10.92,-13.33,89.15,37,87,2.89,GN,2020-10-27 14:43:53
648,Camacha,33.08,-16.33,69.8,56,40,8.05,PT,2020-10-27 14:43:38
649,Pailon,-17.65,-62.75,80.6,61,20,2.24,BO,2020-10-27 14:43:53
650,Usvyaty,55.75,30.75,48.56,84,0,9.78,RU,2020-10-27 14:43:54
651,Hanyang,32.14,105.51,55.99,75,100,4.94,CN,2020-10-27 14:43:54
652,Rockhampton,-23.38,150.5,69.8,83,40,6.93,AU,2020-10-27 14:43:54
653,Svinita,44.5,22.11,66.0,7,5,6.33,RO,2020-10-27 14:43:54
654,Krasnokholmskiy,55.99,55.05,29.19,91,64,5.75,RU,2020-10-27 14:43:54
655,Ulaangom,49.98,92.07,26.01,90,67,1.3,MN,2020-10-27 14:43:54
656,Tsuyama,35.05,134.0,51.01,95,25,1.81,JP,2020-10-27 14:43:54
657,Ruidoso,33.33,-105.67,15.01,85,75,4.7,US,2020-10-27 14:43:54
658,Sayaxche,16.52,-90.17,80.8,75,92,1.07,GT,2020-10-27 14:43:54
659,Itoman,26.12,127.67,75.2,64,20,6.93,JP,2020-10-27 14:43:55
660,Taybad,34.74,60.78,58.73,31,0,12.64,IR,2020-10-27 14:43:55
661,Torrelavega,43.35,-4.05,70.0,55,81,5.01,ES,2020-10-27 14:43:55
662,Shahrud,36.42,54.98,57.49,53,4,10.92,IR,2020-10-27 14:43:55
663,Taywarah,33.35,64.42,32.85,81,0,3.11,AF,2020-10-27 14:43:55
664,Ketchikan,55.34,-131.65,48.2,100,90,3.36,US,2020-10-27 14:43:55
665,Banyo,6.75,11.82,81.21,51,1,5.86,CM,2020-10-27 14:43:56
666,Caohai,26.87,104.28,52.61,98,100,3.51,CN,2020-10-27 14:43:56
667,Bemidji,47.47,-94.88,21.0,78,1,11.41,US,2020-10-27 14:40:07
668,Biskamzha,53.45,89.53,34.84,85,63,3.15,RU,2020-10-27 14:43:56
669,Black Diamond,47.31,-122.0,41.0,91,0,1.99,US,2020-10-27 14:43:56
670,Goderich,43.75,-81.72,43.0,88,99,15.03,CA,2020-10-27 14:43:56
671,Los Llanos De Aridane,28.66,-17.92,75.2,64,75,10.29,ES,2020-10-27 14:43:56
672,Maldonado,-34.67,-54.92,64.0,77,40,13.87,UY,2020-10-27 14:43:56
673,Boende,-0.22,20.87,81.01,85,91,3.53,CD,2020-10-27 14:43:57
674,Soller,39.77,2.72,66.2,45,56,5.82,ES,2020-10-27 14:43:57
675,Agirish,61.92,63.02,17.49,96,63,1.95,RU,2020-10-27 14:43:57
676,Homer,59.64,-151.55,39.99,80,1,5.82,US,2020-10-27 14:43:57
677,Norsup,-16.07,167.38,75.99,78,25,8.57,VU,2020-10-27 14:43:57
678,Pasni,25.26,63.47,76.75,68,0,11.79,PK,2020-10-27 14:43:57
679,Nova Olimpia,-14.8,-57.29,99.97,37,71,2.93,BR,2020-10-27 14:43:57
680,Pleshanovo,52.83,53.48,30.63,91,0,6.8,RU,2020-10-27 14:43:58
681,Thessalon,46.25,-83.57,33.8,85,90,1.81,CA,2020-10-27 14:43:58
682,Yibin,28.77,104.62,63.93,79,100,3.8,CN,2020-10-27 14:43:58
683,Mushie,-3.02,16.9,87.24,61,81,2.98,CD,2020-10-27 14:43:58
684,Gizo,-8.1,156.84,83.01,79,75,11.43,SB,2020-10-27 14:43:58
685,Pervomayskoye,43.92,46.71,53.28,66,0,14.23,RU,2020-10-27 14:43:58
686,Hovd,48.01,91.64,32.16,80,98,0.94,MN,2020-10-27 14:43:58
687,Somvarpet,12.6,75.87,66.88,83,37,2.66,IN,2020-10-27 14:43:58
688,Asyut,27.18,31.18,86.0,40,0,12.75,EG,2020-10-27 14:43:58
689,Ocampo,21.65,-101.5,63.54,51,58,3.8,MX,2020-10-27 14:43:59
690,Shenzhen,22.55,114.07,77.0,77,74,1.99,CN,2020-10-27 14:43:31
691,Fuling,29.7,107.39,59.72,81,100,1.74,CN,2020-10-27 14:40:27
692,Tamale,9.4,-0.84,95.27,27,50,6.38,GH,2020-10-27 14:43:59
693,Constantine,36.37,6.61,62.6,42,40,13.87,DZ,2020-10-27 14:39:44
694,Chandauli,25.27,83.27,78.8,57,0,2.15,IN,2020-10-27 14:43:59
695,Beloha,-25.17,45.05,74.77,67,0,15.86,MG,2020-10-27 14:43:59
696,Borger,52.92,6.79,52.0,79,100,8.99,NL,2020-10-27 14:43:59
697,Puri,19.8,85.85,78.8,83,0,2.24,IN,2020-10-27 14:40:07
698,Braintree,51.88,0.55,54.0,95,100,1.01,GB,2020-10-27 14:44:00
699,Yancheng,33.39,120.13,59.77,83,94,4.63,CN,2020-10-27 14:44:00
700,Ballina,-28.87,153.57,66.2,88,90,8.05,AU,2020-10-27 14:44:00
701,Honiara,-9.43,159.95,75.2,94,40,3.36,SB,2020-10-27 14:44:00
702,Saint-Michel-Des-Saints,46.68,-73.92,27.7,92,84,5.39,CA,2020-10-27 14:39:35
703,Ha Giang,22.83,104.98,73.15,83,62,1.92,VN,2020-10-27 14:44:00
704,Uporovo,56.31,66.27,26.74,95,100,21.83,RU,2020-10-27 14:44:00
705,Senneterre,48.38,-77.23,19.4,92,40,5.82,CA,2020-10-27 14:44:00
706,Vanavara,60.34,102.28,20.01,95,52,7.09,RU,2020-10-27 14:44:01
707,Veraval,20.9,70.37,82.33,60,0,9.37,IN,2020-10-27 14:39:15
708,Waipawa,-41.41,175.52,51.8,71,100,17.22,NZ,2020-10-27 14:44:01
709,Rolla,37.95,-91.77,35.01,99,90,5.82,US,2020-10-27 14:44:01
710,Grinnell,41.74,-92.72,32.0,92,1,6.53,US,2020-10-27 14:44:01
711,Deputatskiy,69.3,139.9,3.29,95,100,1.19,RU,2020-10-27 14:44:01
712,Santa Rosa,14.31,121.11,82.4,78,75,4.7,PH,2020-10-27 14:44:02
713,Yumen,40.28,97.2,36.99,65,100,2.13,CN,2020-10-27 14:44:02
714,Payo,-3.75,103.64,74.43,93,99,0.96,ID,2020-10-27 14:44:02
715,Husavik,66.04,-17.34,37.4,64,90,2.24,IS,2020-10-27 14:44:02
716,Carauari,-4.88,-66.9,91.96,58,94,2.01,BR,2020-10-27 14:44:02
717,Bud,39.45,-86.18,45.0,93,90,3.83,US,2020-10-27 14:44:02
718,Hambantota,6.12,81.12,77.0,100,75,4.7,LK,2020-10-27 14:43:59
719,High Rock,26.62,-78.28,82.4,83,20,10.29,BS,2020-10-27 14:44:02
720,Kaiyuan,23.7,103.3,63.84,84,6,4.36,CN,2020-10-27 14:44:03
721,Impfondo,1.64,18.07,82.8,84,52,2.82,CG,2020-10-27 14:44:03
722,Newport,51.59,-3.0,55.0,90,75,4.0,GB,2020-10-27 14:44:03
723,Sampang,-7.19,113.24,82.36,73,100,2.89,ID,2020-10-27 14:44:03
724,Aguada De Pasajeros,22.39,-80.85,84.2,83,75,5.82,CU,2020-10-27 14:44:03
725,Fayaoue,-20.65,166.53,75.27,80,16,20.69,NC,2020-10-27 14:44:03
726,Colares,38.8,-9.45,64.99,63,75,10.29,PT,2020-10-27 14:44:03
727,Amboasary,-25.03,46.38,78.8,78,20,21.92,MG,2020-10-27 14:44:04
728,Pudozh,61.81,36.53,47.3,81,100,9.71,RU,2020-10-27 14:44:04
729,Santo Augusto,-27.85,-53.78,70.43,62,64,9.75,BR,2020-10-27 14:44:04
